tool,affiliate_strength,page_type,keyword,semrush_volume,semrush_kd,semrush_cpc,intent,source_count,priority_score
Mailchimp,weak,pricing,mailchimp pricing,9900,59,10.51,commercial,2,8910
Klaviyo,weak,pricing,klaviyo pricing,4400,35,19.25,transactional,3,5148
ManyChat,strong,offer,manychat discount code,2900,13,2.85,transactional,2,4901
Omnisend,strong,pricing,omnisend pricing,1900,34,6.78,transactional,3,3211
ManyChat,strong,pricing,manychat pricing,2400,37,2.65,commercial,3,3120
ManyChat,strong,offer,manychat discount,1600,8,0.00,transactional,1,2704
Mailchimp,weak,alternatives,mailchimp alternatives,2400,37,29.65,commercial,1,2160
Mailchimp,weak,pricing,mailchimp cost,2400,57,10.38,commercial,1,2160
Mailchimp,weak,comparison,mailchimp vs constant contact,1300,22,23.47,commercial,2,1170
Yotpo,strong,pricing,yotpo pricing,720,30,8.96,commercial,3,936
Postscript,strong,pricing,postscript pricing,480,12,0.53,commercial,3,624
Omnisend,strong,offer,omnisend free trial,320,22,0.00,transactional,2,541
Klaviyo,weak,pricing,klaviyo sms pricing,390,38,14.45,transactional,1,456
ManyChat,strong,offer,manychat coupon,260,11,4.88,transactional,1,439
Omnisend,strong,offer,omnisend discount,260,16,0.00,transactional,2,439
Yotpo,strong,pricing,yotpo cost,320,35,8.96,commercial,1,416
AdCreative.ai,strong,listing,best ai ad generator,590,67,11.63,informational,2,384
Omnisend,strong,offer,omnisend coupon,210,11,0.00,transactional,1,355
ManyChat,strong,alternatives,manychat alternatives,260,15,9.23,commercial,2,338
Yotpo,strong,comparison,yotpo vs bazaarvoice,260,26,35.52,commercial,1,338
Tidio,strong,pricing,tidio pricing,260,33,5.61,commercial,3,338
Yotpo,strong,other,yotpo loyalty,480,29,8.08,informational,1,312
Attentive,none,pricing,attentive pricing,480,28,33.41,commercial,1,288
ManyChat,strong,offer,manychat free plan,170,28,2.30,transactional,1,287
Tidio,strong,alternatives,tidio alternatives,210,14,14.60,commercial,2,273
Triple Whale,strong,pricing,triple whale pricing,210,20,18.50,commercial,3,273
Mailchimp,weak,alternatives,mailchimp alternative,590,45,29.65,informational,1,266
Yotpo,strong,other,yotpo integrations,390,32,9.75,informational,1,254
Mailchimp,weak,offer,mailchimp coupon,210,33,12.15,transactional,1,246
Mailchimp,weak,offer,mailchimp free trial,210,60,13.43,transactional,1,246
Mailchimp,weak,offer,mailchimp free plan limits,260,50,8.42,commercial,1,234
Omnisend,strong,alternatives,omnisend alternatives,170,16,18.17,commercial,1,221
Omnisend,strong,listing,best email marketing for shopify,170,27,13.56,commercial,1,221
Inventory Planner,weak,pricing,inventory planner pricing,210,24,37.10,commercial,3,189
Gorgias,weak,pricing,gorgias pricing,210,26,17.66,commercial,3,189
Omnisend,strong,offer,omnisend promo code,110,15,0.00,transactional,1,186
ManyChat,strong,offer,manychat free trial,110,26,9.73,transactional,2,186
Yotpo,strong,alternatives,yotpo alternatives,140,19,28.72,commercial,3,182
Mailchimp,weak,offer,mailchimp discount code,140,25,12.15,transactional,2,164
Klaviyo,weak,other,klaviyo for shopify,170,52,10.64,commercial,1,153
Omnisend,strong,offer,omnisend coupon code,90,9,0.00,transactional,1,152
Mailchimp,weak,comparison,mailchimp vs activecampaign,320,26,28.76,informational,1,144
Triple Whale,strong,comparison,triple whale vs hyros,110,2,28.50,commercial,1,143
Recharge,strong,pricing,recharge pricing,110,18,23.27,commercial,1,143
ManyChat,strong,pricing,manychat cost,110,34,1.89,commercial,1,143
Klaviyo,weak,offer,klaviyo coupon code,110,20,39.92,transactional,1,129
Klaviyo,weak,comparison,klaviyo vs activecampaign,140,16,25.08,commercial,2,126
Gorgias,weak,comparison,gorgias vs zendesk,140,22,66.55,commercial,2,126
Rebuy,weak,listing,best upsell app for shopify,140,27,6.43,commercial,1,126
Triple Whale,strong,offer,triple whale discount code,70,0,8.30,transactional,1,118
AfterShip,strong,pricing,aftership pricing,90,33,7.21,commercial,3,117
Postscript,strong,listing,best sms marketing app for shopify,90,38,22.06,commercial,1,117
Klaviyo,weak,comparison,klaviyo vs mailchimp for shopify,110,17,0.00,commercial,1,99
Mailchimp,weak,listing,best email marketing app for shopify,110,41,11.81,commercial,1,99
Loop Subscriptions,weak,listing,best shopify subscription app,210,30,12.39,informational,1,94
ManyChat,strong,comparison,manychat vs chatfuel,70,5,6.38,commercial,2,91
AfterShip,strong,alternatives,aftership alternatives,70,9,12.60,commercial,3,91
Tidio,strong,listing,best live chat for shopify,70,31,0.00,commercial,1,91
Attentive,none,pricing,attentive mobile pricing,140,21,0.00,commercial,1,84
Attentive,none,pricing,attentive sms pricing,140,26,38.26,commercial,2,84
Tidio,strong,offer,tidio promo code,50,,0.00,transactional,1,84
Klaviyo,weak,offer,klaviyo discount code,70,25,8.88,transactional,2,82
Mailchimp,weak,offer,mailchimp discount,70,33,10.99,transactional,1,82
Klaviyo,weak,offer,klaviyo free trial,70,41,14.68,transactional,3,82
Rebuy,weak,pricing,rebuy pricing,90,24,30.64,commercial,1,81
AfterShip,strong,other,aftership tracking page,110,47,2.03,informational,1,72
Recharge,strong,offer,recharge discount code,40,6,0.96,transactional,1,68
AdCreative.ai,strong,offer,adcreative.ai free trial,40,26,0.00,transactional,1,68
Attentive,none,pricing,attentive sms cost,110,26,0.00,commercial,1,66
Signifyd,none,pricing,signifyd pricing,110,38,46.64,commercial,3,66
Omnisend,strong,comparison,omnisend vs brevo,50,11,7.07,commercial,1,65
Inventory Planner,weak,listing,best inventory management app,140,45,15.33,informational,1,63
Northbeam,weak,alternatives,northbeam alternatives,70,1,47.52,commercial,3,63
Northbeam,weak,pricing,northbeam pricing,70,13,26.62,commercial,3,63
Loop Subscriptions,weak,offer,loop coupon,50,29,0.77,transactional,1,58
Rebuy,weak,offer,rebuy coupon,50,,0.00,transactional,1,58
Attentive,none,alternatives,attentive alternatives,90,8,0.00,commercial,2,54
AdCreative.ai,strong,alternatives,adcreative.ai alternatives,40,2,8.79,commercial,1,52
AdCreative.ai,strong,pricing,adcreative ai pricing,40,27,5.47,commercial,1,52
Tidio,strong,listing,best live chat app for shopify,40,49,0.00,commercial,1,52
AfterShip,strong,listing,best order tracking app shopify,40,,0.00,commercial,2,52
Yotpo,strong,comparison,yotpo vs stamped,40,,0.00,commercial,1,52
AdCreative.ai,strong,pricing,adcreative.ai pricing,30,19,5.47,transactional,1,51
Tidio,strong,offer,tidio free plan,30,31,4.81,transactional,1,51
Tidio,strong,offer,tidio discount code,30,,2.56,transactional,2,51
AdCreative.ai,strong,offer,adcreative ai free trial,30,,0.00,transactional,1,51
Loop Subscriptions,weak,other,loop integration,110,30,0.00,informational,1,50
ManyChat,strong,listing,best chatbot for shopify,70,7,7.91,informational,2,46
Loop Subscriptions,weak,pricing,loop pricing,50,25,4.71,commercial,1,45
Smile.io,weak,listing,best loyalty program for shopify,50,32,9.34,commercial,1,45
Mailchimp,weak,other,mailchimp for shopify,50,49,9.19,commercial,1,45
Judge.me,weak,listing,best free product review app for shopify,50,,0.00,commercial,1,45
ManyChat,strong,comparison,manychat free vs pro,30,15,1.41,commercial,1,39
Postscript,strong,listing,best sms marketing for shopify,30,29,9.84,commercial,1,39
Tidio,strong,comparison,tidio vs zendesk,30,,0.00,commercial,2,39
Tidio,strong,comparison,tidio vs intercom,30,,40.33,commercial,1,39
Omnisend,strong,comparison,omnisend vs klaviyo pricing,30,,0.00,commercial,1,39
Omnisend,strong,other,omnisend shopify integration,30,,0.00,commercial,1,39
Mailchimp,weak,review,is mailchimp worth it,40,18,7.22,commercial,2,36
Mailchimp,weak,alternatives,cheaper than mailchimp,40,28,17.08,commercial,1,36
Inventory Planner,weak,pricing,inventory planner by sage pricing,30,,40.89,transactional,1,35
Recharge,strong,offer,recharge discount,20,,0.00,transactional,2,34
Loox,strong,offer,loox free trial,20,,0.00,transactional,2,34
Loox,strong,offer,loox discount code,20,,0.00,transactional,2,34
Triple Whale,strong,offer,triple whale free trial,20,,12.32,transactional,2,34
Yotpo,strong,offer,yotpo free trial,20,,0.00,transactional,2,34
Recharge,strong,offer,recharge free trial,20,,0.00,transactional,1,34
Postscript,strong,offer,postscript discount code,20,,0.00,transactional,1,34
Attentive,none,other,attentive shopify,110,33,11.61,informational,1,33
Omnisend,strong,alternatives,omnisend alternative,50,19,18.17,informational,1,32
Omnisend,strong,offer,omnisend free plan,50,29,7.36,informational,1,32
Signifyd,none,alternatives,signifyd alternatives,50,5,67.64,commercial,3,30
Signifyd,none,comparison,signifyd vs riskified,50,11,43.69,commercial,2,30
Loop Returns,weak,pricing,loop returns pricing,30,17,17.12,commercial,3,27
Smile.io,weak,listing,best shopify loyalty app,30,25,7.52,commercial,1,27
LoyaltyLion,weak,pricing,loyaltylion pricing,30,,7.96,commercial,3,27
Smile.io,weak,pricing,smile.io pricing,30,,11.18,commercial,2,27
Recharge,strong,listing,best subscription app shopify,40,14,13.01,informational,2,26
Omnisend,strong,comparison,omnisend vs activecampaign,40,18,0.00,informational,1,26
Loox,strong,listing,best review app shopify,40,,50.19,informational,1,26
Loox,strong,pricing,loox pricing,20,,0.00,commercial,3,26
Triple Whale,strong,review,is triple whale worth it,20,,13.48,commercial,3,26
Postscript,strong,comparison,postscript vs klaviyo sms,20,,40.48,commercial,2,26
AdCreative.ai,strong,review,is adcreative ai worth it,20,,0.00,commercial,1,26
AdCreative.ai,strong,pricing,adcreative ai cost,20,,4.46,commercial,1,26
Recharge,strong,comparison,recharge vs bold subscriptions,20,,0.00,commercial,1,26
Recharge,strong,comparison,recharge vs loop,20,,0.00,commercial,1,26
ManyChat,strong,other,manychat for shopify,20,,0.00,commercial,1,26
Tidio,strong,comparison,tidio vs livechat,20,,0.00,commercial,1,26
Tidio,strong,pricing,tidio cost,20,,6.80,commercial,1,26
AfterShip,strong,comparison,aftership vs parcellab,20,,0.00,commercial,1,26
AfterShip,strong,comparison,aftership vs route,20,,0.00,commercial,1,26
AfterShip,strong,comparison,aftership vs shipstation,20,,10.31,commercial,1,26
AfterShip,strong,pricing,aftership cost,20,,5.45,commercial,1,26
Omnisend,strong,other,omnisend for shopify,20,,0.00,commercial,1,26
Triple Whale,strong,comparison,triple whale vs google analytics,20,,0.00,commercial,1,26
Triple Whale,strong,pricing,triple whale cost,20,,18.94,commercial,1,26
Pencil,none,pricing,pencil ai pricing,40,12,0.00,commercial,3,24
Gorgias,weak,offer,gorgias free trial,20,,27.00,transactional,3,23
Flair AI,weak,offer,flair ai promo code,20,,0.00,transactional,1,23
Klaviyo,weak,offer,klaviyo discount,20,,18.46,transactional,1,23
ManyChat,strong,other,manychat shopify,30,18,7.80,informational,1,20
Tidio,strong,other,tidio features,30,,0.00,informational,1,20
Flair AI,weak,listing,best ai product photo generator,40,36,3.72,informational,2,18
Shopify Sidekick,none,listing,best ai tools for shopify,30,15,8.38,commercial,1,18
Pencil,none,listing,best ai video ad generator,30,,9.18,commercial,1,18
Signifyd,none,pricing,signifyd cost,30,,0.00,commercial,1,18
LimeSpot,weak,pricing,limespot pricing,20,,0.00,commercial,3,18
Stay AI,weak,pricing,stay ai pricing,20,,12.35,commercial,3,18
Polar Analytics,weak,pricing,polar analytics pricing,20,,16.79,commercial,3,18
Loop Subscriptions,weak,pricing,loop subscriptions pricing,20,,19.00,commercial,2,18
Skio,weak,pricing,skio pricing,20,,22.31,commercial,2,18
Klaviyo,weak,review,is klaviyo worth it,20,,11.43,commercial,2,18
Smile.io,weak,pricing,smile io pricing,20,,11.18,commercial,1,18
Judge.me,weak,pricing,judge me pricing,20,,4.05,commercial,1,18
Judge.me,weak,listing,best free review app shopify,20,,0.00,commercial,1,18
Mailchimp,weak,alternatives,best mailchimp alternative,20,,23.61,commercial,1,18
Loop Subscriptions,weak,comparison,loop vs recharge,20,,36.79,commercial,1,18
Northbeam,weak,pricing,northbeam cost,20,,38.47,commercial,1,18
Rebuy,weak,pricing,rebuy cost,20,,0.00,commercial,1,18
Loop Returns,weak,pricing,loop returns cost,20,,9.11,commercial,1,18
Gorgias,weak,listing,best helpdesk for shopify,20,,56.75,commercial,1,18
Klaviyo,weak,pricing,klaviyo cost per month,20,,12.76,commercial,1,18
AdCreative.ai,strong,offer,adcreative.ai discount code,10,,0.00,transactional,1,17
AdCreative.ai,strong,offer,adcreative.ai promo code,10,,0.00,transactional,1,17
Tidio,strong,pricing,tidio lyro ai pricing,10,,0.00,transactional,1,17
Triple Whale,strong,offer,triple whale discount,10,,0.00,transactional,1,17
Loop Returns,weak,listing,best shopify returns app,30,25,41.36,informational,1,14
AdCreative.ai,strong,alternatives,adcreative alternatives,20,,23.29,informational,1,13
Recharge,strong,other,recharge features,20,,0.00,informational,1,13
Recharge,strong,other,recharge integration,20,,0.00,informational,1,13
Loox,strong,alternatives,loox alternative,20,,0.00,informational,1,13
AfterShip,strong,other,aftership integration,20,,0.00,informational,1,13
Triple Whale,strong,listing,best shopify analytics app,20,,19.34,informational,1,13
Triple Whale,strong,offer,triple whale free plan,20,,28.06,informational,1,13
Triple Whale,strong,other,triple whale integrations,20,,19.60,informational,1,13
Yotpo,strong,review,is yotpo worth it,10,,0.00,commercial,3,13
AdCreative.ai,strong,review,is adcreative.ai worth it,10,,0.00,commercial,1,13
AdCreative.ai,strong,alternatives,adcreative ai alternatives,10,,21.56,commercial,1,13
AdCreative.ai,strong,pricing,adcreative pricing,10,,7.08,commercial,1,13
Loox,strong,comparison,loox vs stamped,10,,0.00,commercial,1,13
Yotpo,strong,listing,best reviews app shopify,10,,50.19,commercial,1,13
Shopify Sidekick,none,other,shopify sidekick release date,20,,0.00,commercial,1,12
Attentive,none,comparison,attentive vs klaviyo sms,20,,0.00,commercial,1,12
Rebuy,weak,offer,rebuy discount code,10,,0.00,transactional,2,12
Flair AI,weak,offer,flair ai discount code,10,,0.00,transactional,1,12
Rebuy,weak,listing,best upsell app shopify,20,,0.00,informational,2,9
Smile.io,weak,listing,best loyalty program shopify,20,,0.00,informational,1,9
Smile.io,weak,other,smile.io shopify app,20,,0.00,informational,1,9
Inventory Planner,weak,other,inventory planner forecasting,20,,0.00,informational,1,9
Loop Subscriptions,weak,other,loop features,20,,0.00,informational,1,9
Northbeam,weak,other,northbeam ai,20,,11.35,informational,1,9
LoyaltyLion,weak,listing,best loyalty app shopify,20,,0.00,informational,1,9
Gorgias,weak,other,gorgias shopify integration,20,,10.32,informational,1,9
Stay AI,weak,other,stay ai shopify,20,,10.14,informational,1,9
LoyaltyLion,weak,alternatives,loyaltylion alternatives,10,,0.00,commercial,3,9
Flair AI,weak,pricing,flair ai pricing,10,,0.00,commercial,3,9
Gorgias,weak,comparison,gorgias vs help scout,10,,0.00,commercial,2,9
Judge.me,weak,alternatives,judge me alternatives,10,,6.35,commercial,1,9
Mailchimp,weak,comparison,mailchimp vs klaviyo for shopify,10,,0.00,commercial,1,9
Northbeam,weak,comparison,northbeam vs hyros,10,,0.00,commercial,1,9
Northbeam,weak,comparison,northbeam vs rockerbox,10,,0.00,commercial,1,9
Loop Returns,weak,comparison,loop returns vs returnly,10,,0.00,commercial,1,9
Shopify Sidekick,none,pricing,shopify sidekick pricing,10,,0.00,transactional,3,8
Pencil,none,alternatives,pencil alternatives,20,,0.00,informational,1,6
Pencil,none,listing,best video ad maker,20,,13.16,informational,1,6
Pencil,none,other,pencil features,20,,0.00,informational,1,6
Shopify Sidekick,none,howto,how to use shopify sidekick,20,,0.00,informational,1,6
Signifyd,none,other,signifyd guarantee,20,,0.00,informational,1,6
Loox,strong,other,loox integrations,10,,0.00,informational,1,6
Shopify Sidekick,none,other,is shopify sidekick free,10,,0.00,commercial,1,6
Judge.me,weak,pricing,judge.me pricing,10,,4.05,informational,2,4
Smile.io,weak,other,smile.io integration,10,,0.00,informational,1,4
Rebuy,weak,other,rebuy integration,10,,0.00,informational,1,4
Loop Returns,weak,other,loop returns ai,10,,0.00,informational,1,4
Loop Returns,weak,other,loop returns integration,10,,0.00,informational,1,4
Skio,weak,other,skio integration,10,,0.00,informational,1,4
Shopify Sidekick,none,other,shopify sidekick ai features,10,,0.00,informational,1,3
Shopify Sidekick,none,other,shopify sidekick prompts,10,,0.00,informational,1,3
Attentive,none,other,attentive features,10,,0.00,informational,1,3
