cluster,template,keyword,search_intent,volume_estimate,difficulty,priority_score,content_angle,content_gap,competitors_top3,notes,language
klaviyo,review,klaviyo review,commercial-investigation,14000,72,583,"What actually changes on your bill 90 days after the Feb 2025 active-profile switch, with real receipts from 3 stores","Top 10 is competitors-as-reviewer; no honest cost-after-6-months table","[{""url"":""omnisend.com""},{""url"":""mailsoftly.com""},{""url"":""retainful.com""}]","SEMrush snippet referenced in Omnisend post May 2026; existing on site — refresh",en
klaviyo,pricing,klaviyo pricing,commercial-investigation,12000,70,514,"The $140–$200 Customer Agent jump on April 1 2026 and which 3 features actually justify it","No one models Customer Agent + Marketing Analytics + Email together at 25k profiles","[{""url"":""klaviyo.com""},{""url"":""retainful.com""},{""url"":""omnisend.com""}]","klaviyo.com/pricing verbatim: $200 → $140 per month Special introductory price... offer ends 3/31/2026",en
klaviyo,vs-comparison,klaviyo vs mailchimp,commercial-investigation,9800,70,420,"Why Mailchimp's free up to 500 beats Klaviyo for sub-2k stores and where it breaks","No 2026 take on Mailchimp's Shopify integration revival","[{""url"":""klaviyo.com""},{""url"":""mailchimp.com""},{""url"":""omnisend.com""}]","Existing on site — refresh",en
klaviyo,vs-comparison,klaviyo vs omnisend,commercial-investigation,8500,68,375,"Where Omnisend's MCP/ChatGPT integration genuinely wins for sub-25k lists","Existing — refresh with 2026 AI-feature delta","[{""url"":""omnisend.com""},{""url"":""klaviyo.com""},{""url"":""retainful.com""}]","Omnisend May 2026: MCP integration with ChatGPT and Claude; existing on site",en
klaviyo,how-to,klaviyo bill jumped active profile,informational,2200,34,65,"The 25% cap, auto-downgrade trick, and why 3-billing-cycle suppression locks you in","No clean script for the downgrade-and-rebuild cost recovery","[{""url"":""retainful.com""},{""url"":""targetbay.com""},{""url"":""omnisend.com""}]","25% cap on price increases — every downgrade shrinks the discount per Omnisend May 2026",en
klaviyo,review,klaviyo customer agent review,commercial-investigation,900,28,96,"The hallucination patterns on Shopify variant data and when $0.70/conv exceeds a VA","Nobody has run it past 1000 conversations with audit logs","[{""url"":""checkthat.ai""},{""url"":""klaviyo.com""},{""url"":""retainful.com""}]","Klaviyo K:AI launched 2026; $0.70 per conversation verbatim klaviyo.com/pricing",en
gorgias,review,gorgias review,commercial-investigation,8800,68,388,"Billable-ticket math at 10k/month and the Advanced plan trap merchants describe on Trustpilot","Top 10 misses the 2.5/5 Trustpilot pattern and billing dispute clusters","[{""url"":""g2.com""},{""url"":""eesel.ai""},{""url"":""chatimize.com""}]","Zipchat April 2026: Gorgias holds a 2.5/5 rating on Trustpilot; existing on site | Also searchable as: gorgias billable ticket math (covered in pricing analysis section)",en
gorgias,pricing,gorgias pricing,commercial-investigation,6400,64,300,"What $0.90 per resolved conversation actually costs at 20% deflection vs 60%","No model showing why high deflection inverts unit economics","[{""url"":""gorgias.com""},{""url"":""eesel.ai""},{""url"":""chatimize.com""}]","gorgias.com/pricing verbatim: $0.90/per resolved conversation. Pay only for fully automated resolutions",en
gorgias,vs-comparison,gorgias vs zendesk,commercial-investigation,4200,64,197,"Why Shopify-edit-order from inbox isn't enough at 50k tickets/mo","No honest enterprise-handoff story","[{""url"":""gorgias.com""},{""url"":""zendesk.com""},{""url"":""g2.com""}]","G2 reviews 549",en
gorgias,vs-comparison,gorgias vs tidio,commercial-investigation,3200,58,166,"When Tidio Lyro's $0 baseline beats Gorgias's billable-ticket math (under 500 tickets/mo)","Existing — refresh with Lyro's 2026 capabilities","[{""url"":""gorgias.com""},{""url"":""tidio.com""},{""url"":""chatimize.com""}]","Existing on site",en
gorgias,alternatives,gorgias alternatives,commercial-investigation,2900,56,155,"The eesel + Shopify direct path for stores with existing Help Scout","All alternatives pages are competitor-written","[{""url"":""eesel.ai""},{""url"":""zipchat.ai""},{""url"":""chatimize.com""}]","Zipchat positions as proactive-first",en
gorgias,how-to,gorgias ai agent setup,informational,1400,36,39,"The Guidance pattern that closes 60% of WISMO without the hallucinations","No teardown of Guidance prompt patterns by category","[{""url"":""gorgias.com""},{""url"":""eesel.ai""},{""url"":""myaskai.com""}]","MyAskAI 2026: Gorgias says up to 60% automation. Their own case studies show 26-56%",en
postscript,review,postscript review,commercial-investigation,5200,52,300,"What Shopper actually learns from 30 days of conversations and where Brand Center under-delivers","No 90-day Shopper performance teardown from a real merchant","[{""url"":""postscript.io""},{""url"":""attnagency.com""},{""url"":""shopify.com""}]","Existing — refresh; Postscript Shopper launched April 16 2025",en
postscript,vs-comparison,postscript vs klaviyo sms,commercial-investigation,4800,56,257,"The conversational-AI gap: Shopper vs K:AI on a real BFCM list","Existing — refresh with Shopper vs Customer Agent","[{""url"":""postscript.io""},{""url"":""klaviyo.com""},{""url"":""attnagency.com""}]","Existing on site | Also searchable as: postscript klaviyo sms comparison",en
postscript,pricing,postscript pricing,commercial-investigation,3400,50,204,"The carrier-fee math that makes Postscript cheaper than Klaviyo SMS above 20k subs","No vendor-neutral total-cost calculator","[{""url"":""postscript.io""},{""url"":""attnagency.com""},{""url"":""klaviyo.com""}]","ATTN Agency March 2026: Postscript does not charge for incoming messages or failed sends. Carrier fees are an additional cost passed through",en
postscript,vs-comparison,postscript vs attentive,commercial-investigation,3600,54,200,"When Attentive's $1,500/month contract floor kills the deal vs Postscript per-msg","No honest minimum-spend comparison","[{""url"":""postscript.io""},{""url"":""attentive.com""},{""url"":""sequenzy.com""}]","Subjectlime April 2026: Attentive starts at $1,500/month minimum because of contract floors",en
postscript,guide,postscript shopper ai,informational,1100,32,34,"Where Shopper's respond in under 1 minute breaks at 3am when Shopify inventory is stale","No teardown of Shop Level Guidance configuration","[{""url"":""postscript.io""},{""url"":""attnagency.com""},{""url"":""ecommercefastlane.com""}]","postscript.io Shopper responds in your brand voice in under 1 minute; Dr. Squatch beta +$80k AI-generated revenue, 11% lift on Earnings per Message",en
omnisend,review,omnisend review,commercial-investigation,6400,60,320,"Why MCP/ChatGPT integration matters for ops at 5k–15k profiles","No teardown of MCP in actual workflows","[{""url"":""omnisend.com""},{""url"":""mailsoftly.com""},{""url"":""g2.com""}]","Existing on site",en
omnisend,vs-comparison,omnisend vs mailchimp,commercial-investigation,2800,54,156,"The Shopify-revenue-attribution gap that flips the verdict","No 2026 comparison post Mailchimp integration changes","[{""url"":""omnisend.com""},{""url"":""mailchimp.com""},{""url"":""retainful.com""}]",,en
mailchimp,review,mailchimp review shopify,commercial-investigation,4400,62,213,"The 2024 integration revival and why deliverability still trails Klaviyo","Existing — refresh","[{""url"":""mailchimp.com""},{""url"":""omnisend.com""},{""url"":""retainful.com""}]","Existing on site",en
tidio,review,tidio review,commercial-investigation,4800,58,248,"When Lyro's free tier actually replaces Gorgias for sub-$50k stores","Existing — keep","[{""url"":""tidio.com""},{""url"":""chatimize.com""},{""url"":""g2.com""}]","Existing on site",en
tidio,vs-comparison,tidio vs gorgias,commercial-investigation,1800,50,108,"Existing piece — refresh with 2026 AI deflection data",,"[{""url"":""tidio.com""},{""url"":""gorgias.com""},{""url"":""chatimize.com""}]","Existing on site",en
recharge-skio-acquisition,vs-comparison,loop vs recharge 2026,commercial-investigation,2400,42,171,"Per-order fee delta at $50k MRR after the Skio absorption — who actually wins","All comparisons are vendor-written; no neutral cost-per-subscriber-per-year model","[{""url"":""loopwork.co""},{""url"":""recharge.com""},{""url"":""ecommercefastlane.com""}]","Loop blog cites Recharge $25/mo entry cap 50 subs, $99/mo Starter + 1.49% + $0.19/order | Also searchable as: loop vs recharge subscription",en
recharge-skio-acquisition,how-to,migrate skio to loop,transactional,1100,30,147,"The 14-day window, payment-token transfer, and 2 things that break on subscriber portal","No step-by-step with screenshots of token-export failures","[{""url"":""loopwork.co""},{""url"":""stay.ai""},{""url"":""recharge.com""}]","Rising query post-April 30 2026",en
recharge-skio-acquisition,guide,skio acquisition recharge,informational,4800,38,126,"What Skio merchants must decide before the platform consolidation window closes","No vendor-neutral migration timeline with cost math","[{""url"":""loopwork.co""},{""url"":""techcrunch.com""},{""url"":""recharge.com""}]","TechCrunch April 30 2026: $105 million cash... only raised $8 million from investors; rising query Google Trends | Also searchable as: skio acquired by recharge, recharge skio deal",en
stay-ai-loop-subs,review,stay ai review,commercial-investigation,1200,42,86,"The WinbackEngine outcomes after 90 days for sub-10k subscriber programs","No vendor-neutral churn-reduction audit","[{""url"":""stay.ai""},{""url"":""ecommercefastlane.com""},{""url"":""loopwork.co""}]","Stay AI WinbackEngine ML cancel flow",en
stay-ai-loop-subs,vs-comparison,stay ai vs recharge,commercial-investigation,900,38,71,"What you lose in infrastructure maturity for AI-retention gains","No infrastructure-reliability comparison post-Skio deal","[{""url"":""stay.ai""},{""url"":""recharge.com""},{""url"":""ecommercefastlane.com""}]",,en
stay-ai-loop-subs,guide,reduce subscription churn shopify,informational,1900,44,43,"The 4 cancellation-survey patterns that flip 14% of saves","No teardown of survey-question architecture","[{""url"":""stay.ai""},{""url"":""loopwork.co""},{""url"":""recharge.com""}]",,en
shopify-sidekick-magic,review,shopify sidekick review,commercial-investigation,3400,56,182,"What Sidekick Pulse genuinely catches that you wouldn't and the 3 false positives we got","No 60-day operator log of Pulse alerts vs reality","[{""url"":""neat.digital""},{""url"":""adsx.com""},{""url"":""letstalkshop.com""}]","Neat Digital 2026: Shopify's Winter 2026 Edition shipped over 150 product updates",en
shopify-sidekick-magic,guide,shopify magic vs sidekick,informational,2100,48,44,"When Magic's brand-voice cloning fails (and the prompt fix)","No honest brand-voice-cloning failure modes","[{""url"":""letstalkshop.com""},{""url"":""shopify.com""},{""url"":""presta.com""}]","Talk Shop 2026 explainer",en
shopify-sidekick-magic,how-to,shopify sidekick automations,informational,1400,36,39,"Why Sidekick-built Flow automations break on multi-condition logic","No teardown of Sidekick→Flow→Magic call chain failures","[{""url"":""shopify.com""},{""url"":""letstalkshop.com""},{""url"":""adsx.com""}]",,en
shopify-ai-agents,guide,shopify agentic storefronts,informational,1800,30,60,"What the UCP catalog sync actually gives ChatGPT and the 4 SEO-style fields you must complete","No optimization playbook for AI-agent purchases","[{""url"":""shopify.com""},{""url"":""pagefly.io""},{""url"":""stormy.ai""}]","PageFly 2026: orders from AI searches increased 15x between January 2025 and January 2026",en
shopify-ai-agents,how-to,optimize shopify chatgpt search,informational,1200,28,43,"The metadata fields that determine whether Rufus / ChatGPT recommends you","No Generative Engine Optimization tactical guide","[{""url"":""stormy.ai""},{""url"":""shopify.com""},{""url"":""pagefly.io""}]","Stormy AI 2026 GEO playbook",en
ai-product-descriptions,guide,ai product descriptions shopify,informational,5200,58,90,"The P-A-S-B framework + Shopify Magic prompt that beats Magic defaults","Existing — refresh with multimodal upload + GEO","[{""url"":""shopify.com""},{""url"":""stormy.ai""},{""url"":""pagefly.io""}]","Existing on site",en
ai-product-descriptions,how-to,shopify magic product description,informational,3400,54,63,"Multimodal: uploading product photo + spec sheet to Magic","No multimodal workflow doc","[{""url"":""shopify.com""},{""url"":""pagefly.io""},{""url"":""letstalkshop.com""}]","Stormy AI: upload a high-res product photo directly into the Shopify Magic description field",en
ai-product-descriptions,best-for-segment,ai product description 10000 skus,commercial-investigation,600,26,69,"What breaks at 10k SKUs with Magic + Brand Voice + the API workaround","No catalog-scale workflow with rate-limit notes","[{""url"":""shopify.com""},{""url"":""hypotenuse.ai""},{""url"":""describely.com""}]",,en
ai-product-photography,best-for-segment,best ai product photography shopify,commercial-investigation,2900,52,167,"Real per-image cost after subscription + reroll + Photoshop touchup","No true cost-per-usable-image table","[{""url"":""photoroom.com""},{""url"":""nightjar.so""},{""url"":""digitalapplied.com""}]","AdManage 2026: effective cost per usable asset framing",en
ai-product-photography,review,pebblely review,commercial-investigation,1800,38,142,"Where the AI keeps hallucinating product geometry past 50 SKUs","No catalog-scale consistency teardown","[{""url"":""pebblely.com""},{""url"":""nightjar.so""},{""url"":""photoroom.com""}]","Nightjar 2026: Pebblely's themed backgrounds work for small catalogs; both start to show limitations past 50 SKUs",en
ai-product-photography,vs-comparison,flair vs pebblely vs booth,commercial-investigation,900,32,84,"The on-model apparel hero-shot test where only Booth survives","Vendor-written; no neutral apparel test","[{""url"":""tasarim.ai""},{""url"":""rewarx.com""},{""url"":""photoroom.com""}]","gptprompts.ai 2026: Booth.ai is the only platform with consistently usable on-model output",en
ai-inventory-forecasting,review,inventory planner review,commercial-investigation,2400,52,138,"The Sage acquisition aftermath and what got worse","No post-Sage-acquisition operator review","[{""url"":""shopify.com""},{""url"":""charleagency.com""},{""url"":""sumtracker.com""}]","Inventory Planner now by Sage",en
ai-inventory-forecasting,review,prediko review,commercial-investigation,700,30,93,"Cash-flow forecasting hook and where it breaks for multi-channel","No Amazon+Shopify cross-channel test","[{""url"":""prediko.io""},{""url"":""getverveai.com""},{""url"":""sumtracker.com""}]",,en
ai-inventory-forecasting,vs-comparison,inventory planner vs cogsy,commercial-investigation,800,36,89,"Why Cogsy's scenario modeling earns its $199/mo only above $2M GMV","No revenue-band recommendation","[{""url"":""charleagency.com""},{""url"":""getverveai.com""},{""url"":""sumtracker.com""}]","Cogsy $199/mo per Charle Agency 2026",en
ai-inventory-forecasting,guide,shopify ai inventory forecasting,informational,1800,40,45,"The 18–24 month sales-history threshold below which AI forecasts hurt you","No AI underperforms honest threshold","[{""url"":""ecosire.com""},{""url"":""prediko.io""},{""url"":""letstalkshop.com""}]","Ecosire 2026: Ideally, you want 18-24 months of sales data before trusting the forecasts",en
attribution-ai,review,triple whale review,commercial-investigation,6800,60,340,"Why Triple Whale's Compass closes the over-attribution gap for sub-$25M","No 2026 Moby AI vs Northbeam ML test","[{""url"":""triplewhale.com""},{""url"":""attnagency.com""},{""url"":""polaranalytics.com""}]","Triple Whale $129/mo entry; Professional $749/mo",en
attribution-ai,vs-comparison,triple whale vs northbeam,commercial-investigation,4400,56,236,"The $1,500/mo Northbeam minimum vs Triple Whale free trial in real money terms","No graduating-up decision framework","[{""url"":""triplewhale.com""},{""url"":""attnagency.com""},{""url"":""segmentstream.com""}]","Northbeam Starter $1,500/mo per ecomkarma.com 2026",en
attribution-ai,alternatives,triple whale alternatives,commercial-investigation,2400,50,144,"What you actually replace vs duplicate in your stack","No replace vs augment decision tree","[{""url"":""segmentstream.com""},{""url"":""polaranalytics.com""},{""url"":""aimerce.ai""}]","SegmentStream 2026 alternatives roundup",en
attribution-ai,vs-comparison,triple whale vs polar analytics,commercial-investigation,1100,42,79,"Snowflake data ownership argument and when it matters","No data-ownership cost analysis","[{""url"":""polaranalytics.com""},{""url"":""triplewhale.com""},{""url"":""segmentstream.com""}]",,en
attribution-ai,guide,shopify attribution post ios14,informational,1900,46,41,"The server-side pixel stack that closes the 30-40% Safari gap","No build-vs-buy honest take","[{""url"":""polaranalytics.com""},{""url"":""triplewhale.com""},{""url"":""admanage.ai""}]","Polar 2026: When Safari clears cookies after 7 days, competitors lose 30-40% of customer journeys",en
ad-creative-ai,review,adcreative ai review,commercial-investigation,5400,56,289,"The credit-tax math that makes $39/mo plans cost $200/mo in usable assets","No effective-cost-per-usable-asset table","[{""url"":""adcreative.ai""},{""url"":""admanage.ai""},{""url"":""askneedle.com""}]","AdManage 2026: effective cost per usable asset, not plan price",en
ad-creative-ai,best-for-segment,best ai ad creative tools shopify,commercial-investigation,3200,54,178,"The research → generate → distribute stack (adlibrary + Pencil + AdManage)","No 3-tool workflow guide","[{""url"":""adlibrary.com""},{""url"":""cometly.com""},{""url"":""get-ryze.ai""}]",,en
ad-creative-ai,vs-comparison,adcreative vs pencil,commercial-investigation,1200,44,82,"Static volume vs video narratives — when each wins on Meta vs TikTok","No platform-by-platform win-rate test","[{""url"":""aimarketer.tools""},{""url"":""syntermedia.ai""},{""url"":""authencio.com""}]",,en
personalization-recs,review,rebuy review,commercial-investigation,4600,56,246,"Why modular packages stack to $500/mo before you notice and the trim path","No honest package trim guide","[{""url"":""rebuy.com""},{""url"":""personalizerai.com""},{""url"":""hulkapps.com""}]","$300-$500/month before premium support ($499/month extra) per PersonalizerAI 2026",en
personalization-recs,alternatives,rebuy alternatives,commercial-investigation,1800,48,113,"The performance-based pricing model (PersonalizerAI) vs fixed cost","No 2026 perf-based-pricing analysis","[{""url"":""personalizerai.com""},{""url"":""hulkapps.com""},{""url"":""zigpoll.com""}]",,en
personalization-recs,vs-comparison,rebuy vs limespot,commercial-investigation,1400,46,91,"When LimeSpot's hybrid manual control beats Rebuy's AI at <$1M GMV","No revenue-band guide","[{""url"":""hulkapps.com""},{""url"":""limespot.com""},{""url"":""rebuy.com""}]",,en
reviews-ugc,vs-comparison,loox vs judge me,commercial-investigation,8400,60,420,"7% vs 2-3% submission-rate honest test (Loox's claim audited)","No third-party audit of submission rates","[{""url"":""loox.app""},{""url"":""judge.me""},{""url"":""craftshift.com""}]","Loox blog claim 7%+ vs 2-3% — needs audit",en
reviews-ugc,review,judge me review,commercial-investigation,6400,56,343,"The free forever math vs Loox $12.99 at $200k+ GMV","No revenue-band switching threshold","[{""url"":""judge.me""},{""url"":""craftshift.com""},{""url"":""loox.app""}]",,en
reviews-ugc,vs-comparison,loox vs yotpo,commercial-investigation,3200,56,171,"The migration breakpoint where Yotpo loyalty bundle wins","No bundle-economics break-even","[{""url"":""judge.me""},{""url"":""loox.app""},{""url"":""yotpo.com""}]",,en
loyalty-rewards,vs-comparison,smile io vs loyaltylion,commercial-investigation,2600,50,156,"Where Smile's $999/mo mid-market vs LoyaltyLion $399/mo entry inverts","No clear pricing-curve crossover chart","[{""url"":""loyoly.io""},{""url"":""smile.io""},{""url"":""loyaltylion.com""}]","Loyoly Feb 2026: Smile ~$999/mo mid-market vs Yotpo ~$899/mo",en
loyalty-rewards,review,yotpo loyalty review,commercial-investigation,1900,48,119,"What the AI Loyalty Tier qualifier actually changes in 90 days","No 90-day AI-tier audit","[{""url"":""officefinder.com""},{""url"":""yotpo.com""},{""url"":""loyoly.io""}]","$199/mo entry per Officefinder 2026",en
loyalty-rewards,guide,loyaltylion ai campaigns,informational,600,28,21,"What AI Campaigns automates that you'd otherwise hire for","First-mover content on the launch","[{""url"":""loyaltylion.com""},{""url"":""zoominfo.com""},{""url"":""retailtechinnovationhub.com""}]","LoyaltyLion AI Campaigns launch per ZoomInfo",en
returns-automation,review,loop returns review,commercial-investigation,3400,54,189,"The Loop Intelligence AI vs Signifyd handoff for fraud — where each wins","No Loop+Signifyd integration guide","[{""url"":""loopwork.co""},{""url"":""attnagency.com""},{""url"":""shopify.com""}]","ATTN 2026: Loop serves over 5,000 Shopify merchants representing roughly 16% of Shopify's total GMV",en
returns-automation,vs-comparison,loop vs aftership returns,commercial-investigation,1600,48,100,"The exchange-revenue lift vs ticket volume tradeoff","No exchange-revenue lift comparison","[{""url"":""loopwork.co""},{""url"":""aftership.com""},{""url"":""redo.com""}]",,en
returns-automation,how-to,migrate returnly to loop,transactional,400,22,73,"What broke in the 2023 sunset migration and what to do if still on legacy","Late-stage migration audit","[{""url"":""loopwork.co""},{""url"":""retaildive.com""},{""url"":""paymentsdive.com""}]","RETURNLY HAS OFFICIALLY SHUT DOWN AS OF 10/1/2023 per Loop",en
returns-automation,guide,shopify return fraud prevention,informational,1100,38,29,"Wardrobing-detection stack and the $103B retail-loss context","No tool-stack guide for wardrobing","[{""url"":""forthroute.com""},{""url"":""signifyd.com""},{""url"":""redo.com""}]","Forthroute Jan 2026: Signifyd caught 89%, Loop caught 61%",en
fraud-detection,review,signifyd review shopify,commercial-investigation,1900,46,124,"The 1%/order math vs chargeback-guarantee value at $500k+ MRR","No chargeback-vs-fee break-even","[{""url"":""signifyd.com""},{""url"":""chargeback.io""},{""url"":""g2.com""}]","Signifyd customers typically see a lift of 5-9% in revenue per g2.com",en
fraud-detection,vs-comparison,signifyd vs nofraud,commercial-investigation,700,38,55,"When NoFraud's human-analyst hybrid catches what Signifyd's auto-decision misses","No fraud-pattern-by-pattern test","[{""url"":""signifyd.com""},{""url"":""nofraud.com""},{""url"":""chargeback.io""}]",,en
sms-marketing-shopify,guide,shopify sms marketing,informational,6200,60,103,"The carrier-fee surprise on international SMS that no vendor surfaces","No carrier-fee transparency guide","[{""url"":""postscript.io""},{""url"":""klaviyo.com""},{""url"":""attentive.com""}]",,en
sms-marketing-shopify,how-to,picking shopify sms tool,informational,1100,32,34,"Postscript vs Klaviyo SMS vs Omnisend SMS — the BFCM stress-test","Existing — refresh","[{""url"":""postscript.io""},{""url"":""klaviyo.com""},{""url"":""omnisend.com""}]","Existing on site",en
email-automation-shopify,guide,shopify email automation setup,informational,8400,64,131,"The 7-flow stack that actually moves revenue (with sequence timing)","Existing — refresh with AI subject lines","[{""url"":""klaviyo.com""},{""url"":""omnisend.com""},{""url"":""shopify.com""}]","Existing on site",en
email-automation-shopify,guide,klaviyo flow templates,informational,3600,50,72,"The 4 flows that drive 80% of automated revenue (not what Klaviyo says)","No kill-the-noise flow audit","[{""url"":""klaviyo.com""},{""url"":""retainful.com""},{""url"":""omnisend.com""}]","Operator pattern from Reddit",en
support-automation,guide,support automation shopify,informational,2800,50,56,"The deflection ceiling per ticket category and where AI never gets past 40%","Existing — refresh","[{""url"":""gorgias.com""},{""url"":""tidio.com""},{""url"":""eesel.ai""}]","Existing on site",en
abandoned-cart,guide,shopify abandoned cart benchmarks,informational,3400,48,71,"Why 70.19% is the wrong number to obsess over and what to measure instead","No what matters more than cart rate framing","[{""url"":""baymard.com""},{""url"":""enavi.co""},{""url"":""redstagfulfillment.com""}]","Baymard 2025 verbatim 70.19%; mobile 78.26% vs desktop 65-68% per Dynamic Yield",en
abandoned-cart,how-to,sms cart recovery shopify,informational,1400,38,37,"Postscript 1-min response vs Klaviyo SMS abandoned flow head-to-head","No timing-window head-to-head","[{""url"":""postscript.io""},{""url"":""klaviyo.com""},{""url"":""upsella.com""}]",,en
conversion-optimization,guide,shopify cro 2026,informational,2400,54,44,"The 5 product-page tests that lift mobile CVR 15-25% with AI variants","No AI-A/B-test playbook","[{""url"":""enavi.co""},{""url"":""intelligems.com""},{""url"":""visually.io""}]","Frame My TV 47.3% mobile add-to-cart per Enavi case",en
tiktok-shop-ops,guide,tiktok shop shopify integration,informational,9600,56,171,"The dual-region rule that breaks UK→US merchants and the workaround","No dual-region failure-mode doc","[{""url"":""shopify.com""},{""url"":""tiktok.com""},{""url"":""influencermarketinghub.com""}]","TikTok Shop $23.41B 2026 +48% YoY per eMarketer — larger US ecommerce than Target/Costco/Best Buy/Kroger",en
tiktok-shop-ops,review,aftership tiktok shop review,commercial-investigation,600,32,56,"Why catalog AI matters more than sync for ROAS","No catalog-AI lift teardown","[{""url"":""shopify.com""},{""url"":""aftership.com""},{""url"":""tiktok.com""}]",,en
shopify-flow-automation,guide,shopify flow ai automations,informational,1800,38,47,"The 6 high-leverage Flow workflows Sidekick can build (and 2 it can't)","No Sidekick-Flow capability matrix","[{""url"":""shopify.com""},{""url"":""letstalkshop.com""},{""url"":""neat.digital""}]",,en
agency-operator-stack,best-for-segment,shopify operator tool stack,commercial-investigation,1100,36,92,"The $700/mo stack for $50k–500k MRR operators in 2026","No tier-banded stack recommendation","[{""url"":""gptprompts.ai""},{""url"":""charleagency.com""},{""url"":""attnagency.com""}]",,en
faceless-stores,guide,faceless ecommerce store ai,informational,2200,36,61,"Why faceless+dropship+AI photography triggers Shopify ToS review","No ToS-risk doc","[{""url"":""shopify.com""},{""url"":""oberlo.com""},{""url"":""autods.com""}]","ToS-flag in notes — operator-warning angle, not promotional",en
klaviyo,vs-comparison,klaviyo vs attentive,commercial-investigation,,,20,"Programmatic seed: Klaviyo head vs Attentive — fill on activation","Programmatic seed; expand from main core entries",,"programmatic seed from semantic_core report pattern note",en
klaviyo,vs-comparison,klaviyo vs brevo,commercial-investigation,,,20,"Programmatic seed: Klaviyo head vs Brevo — fill on activation","Programmatic seed; expand from main core entries",,"programmatic seed from semantic_core report pattern note",en
klaviyo,vs-comparison,klaviyo vs activecampaign,commercial-investigation,,,20,"Programmatic seed: Klaviyo head vs ActiveCampaign — fill on activation","Programmatic seed; expand from main core entries",,"programmatic seed from semantic_core report pattern note",en
klaviyo,vs-comparison,klaviyo vs sendlane,commercial-investigation,,,20,"Programmatic seed: Klaviyo head vs Sendlane — fill on activation","Programmatic seed; expand from main core entries",,"programmatic seed from semantic_core report pattern note",en
klaviyo,alternatives,klaviyo alternatives,commercial-investigation,,,25,"Programmatic seed: Klaviyo alternatives — fill on activation","Programmatic seed; expand from main core entries",,"programmatic seed from semantic_core report pattern note",en
gorgias,vs-comparison,gorgias vs reamaze,commercial-investigation,,,20,"Programmatic seed: Gorgias head vs Re:amaze — fill on activation","Programmatic seed; expand from main core entries",,"programmatic seed from semantic_core report pattern note",en
gorgias,vs-comparison,gorgias vs intercom,commercial-investigation,,,20,"Programmatic seed: Gorgias head vs Intercom — fill on activation","Programmatic seed; expand from main core entries",,"programmatic seed from semantic_core report pattern note",en
gorgias,vs-comparison,gorgias vs helpscout,commercial-investigation,,,20,"Programmatic seed: Gorgias head vs Help Scout — fill on activation","Programmatic seed; expand from main core entries",,"programmatic seed from semantic_core report pattern note",en
postscript,alternatives,postscript alternatives,commercial-investigation,,,20,"Programmatic seed: Postscript alternatives — fill on activation","Programmatic seed; expand from main core entries",,"programmatic seed from semantic_core report pattern note",en
recharge-skio-acquisition,vs-comparison,loop vs stay ai,commercial-investigation,,,25,"Programmatic seed: Loop vs Stay AI head-to-head — fill on activation","Programmatic seed; expand from main core entries",,"programmatic seed from semantic_core report pattern note",en
recharge-skio-acquisition,vs-comparison,loop vs skio,commercial-investigation,,,25,"Programmatic seed: Loop vs Skio retrospective post-acquisition","Programmatic seed; expand from main core entries",,"programmatic seed from semantic_core report pattern note",en
recharge-skio-acquisition,vs-comparison,stay ai vs skio,commercial-investigation,,,20,"Programmatic seed: Stay AI vs Skio — fill on activation","Programmatic seed; expand from main core entries",,"programmatic seed from semantic_core report pattern note",en
recharge-skio-acquisition,vs-comparison,skio vs recharge,commercial-investigation,,,25,"Programmatic seed: Skio vs Recharge pre-merger context — fill on activation","Programmatic seed; expand from main core entries",,"programmatic seed from semantic_core report pattern note",en
recharge-skio-acquisition,alternatives,recharge alternatives,commercial-investigation,,,25,"Programmatic seed: Recharge alternatives post-Skio — fill on activation","Programmatic seed; expand from main core entries",,"programmatic seed from semantic_core report pattern note",en
ai-product-descriptions,best-for-segment,best ai product description tool shopify,commercial-investigation,,,30,"Programmatic seed: best AI product-description tool for Shopify — fill on activation","Programmatic seed; expand from main core entries",,"programmatic seed from semantic_core report pattern note",en
ai-inventory-forecasting,best-for-segment,best ai inventory tool shopify,commercial-investigation,,,30,"Programmatic seed: best AI inventory tool for Shopify — fill on activation","Programmatic seed; expand from main core entries",,"programmatic seed from semantic_core report pattern note",en
attribution-ai,best-for-segment,best ai attribution tool shopify,commercial-investigation,,,30,"Programmatic seed: best AI attribution tool for Shopify — fill on activation","Programmatic seed; expand from main core entries",,"programmatic seed from semantic_core report pattern note",en
email-automation-shopify,best-for-segment,best ai email tool shopify,commercial-investigation,,,30,"Programmatic seed: best AI email tool for Shopify — fill on activation","Programmatic seed; expand from main core entries",,"programmatic seed from semantic_core report pattern note",en
sms-marketing-shopify,best-for-segment,best ai sms tool shopify,commercial-investigation,,,30,"Programmatic seed: best AI SMS tool for Shopify — fill on activation","Programmatic seed; expand from main core entries",,"programmatic seed from semantic_core report pattern note",en
support-automation,best-for-segment,best ai support tool shopify,commercial-investigation,,,30,"Programmatic seed: best AI support tool for Shopify — fill on activation","Programmatic seed; expand from main core entries",,"programmatic seed from semantic_core report pattern note",en
loyalty-rewards,alternatives,smile io alternatives,commercial-investigation,,,20,"Programmatic seed: Smile.io alternatives — fill on activation","Programmatic seed; expand from main core entries",,"programmatic seed from semantic_core report pattern note",en
postscript,vs-comparison,postscript shopper vs klaviyo customer agent,commercial-investigation,400,25,257,"Head-to-head AI agent comparison for BFCM 2026: Postscript Shopper's SMS-native conversion model vs Klaviyo Customer Agent's $0.70/conv approach. Operator perspective on which AI handles BFCM traffic surge better.","No head-to-head BFCM-focused comparison of these two AI agents exists in SERP as of May 2026",,"Postscript Shopper launched 2026 BFCM beta; Klaviyo K:AI launched 2026 with $0.70/conv pricing. Both are AI customer service agents but for different channels (SMS vs email/web).",en
